{
  "feature_names": [
    "backward_pawns_them",
    "backward_pawns_us",
    "batteries_them",
    "batteries_us",
    "bishop_pair_them",
    "bishop_pair_us",
    "center_control_them",
    "center_control_us",
    "connected_rooks_them",
    "connected_rooks_us",
    "doubled_pawns_them",
    "doubled_pawns_us",
    "hanging_them",
    "hanging_us",
    "isolated_pawns_them",
    "isolated_pawns_us",
    "king_pawn_shield_them",
    "king_pawn_shield_us",
    "king_ring_pressure_them",
    "king_ring_pressure_us",
    "king_safety_them",
    "king_safety_us",
    "king_tropism_them",
    "king_tropism_us",
    "material_diff",
    "material_them",
    "material_us",
    "mobility_them",
    "mobility_us",
    "open_files_them",
    "open_files_us",
    "outposts_them",
    "outposts_us",
    "passed_them",
    "passed_us",
    "pawn_chain_them",
    "pawn_chain_us",
    "phase",
    "piece_activity_them",
    "piece_activity_us",
    "pinned_them",
    "pinned_us",
    "pst_them",
    "pst_us",
    "rook_on_7th_them",
    "rook_on_7th_us",
    "rook_open_file_them",
    "rook_open_file_us",
    "safe_mobility_them",
    "safe_mobility_us",
    "see_advantage_them",
    "see_advantage_us",
    "see_vulnerability_them",
    "see_vulnerability_us",
    "semi_open_them",
    "semi_open_us",
    "space_them",
    "space_us",
    "threats_them",
    "threats_us"
  ],
  "phase_idx": 37,
  "models": {},
  "global_model": {
    "coefficients": {
      "v": 1,
      "dim": [
        60
      ],
      "data": [
        -38.29095278316658,
        -78.14411655713802,
        -174.0948433069337,
        -91.1277835144763,
        -99.43339376680787,
        0.0,
        -40.885439351514435,
        0.0,
        0.0,
        0.0,
        0.0,
        -126.06798973848159,
        -7.626795273906802,
        -55.939854705512495,
        -23.79523210678165,
        -87.8693267236603,
        76.03993278402979,
        -37.49097891990347,
        -29.147514193814878,
        -55.44793242817241,
        -22.924804735712016,
        39.324189647841116,
        68.02774947972141,
        -0.5176898694939615,
        6.9057837157131505,
        -34.34772922903012,
        -35.36799908707495,
        26.157438729463763,
        -0.0,
        0.0,
        0.0,
        -20.091046432630623,
        0.0,
        0.0,
        0.0,
        5.5352153148339305,
        15.263928496307278,
        -19.004486231742213,
        -0.8459391850327225,
        3.501116177345198,
        0.0,
        0.0,
        9.082289827142805,
        0.0,
        0.0,
        0.0,
        0.0,
        -2.2486461455953464,
        0.0,
        0.8017922087691677,
        0.0,
        15.585034881700887,
        8.499221462608652,
        0.0,
        -0.0,
        -0.0,
        -0.0,
        0.05238473349131649,
        -3.055822316953603,
        0.0
      ]
    },
    "intercept": -356.3,
    "alpha": 0.01,
    "l1_ratio": 0.9
  },
  "scaler": {
    "mean": {
      "v": 1,
      "dim": [
        60
      ],
      "data": [
        0.4,
        0.2,
        1.0,
        0.3,
        0.7,
        1.0,
        1.3,
        0.0,
        0.0,
        0.0,
        0.0,
        1.4,
        0.3,
        0.6,
        0.4,
        0.6,
        0.2,
        3.5,
        0.10003739297389984,
        0.04014121294021607,
        1.7,
        3.5,
        2.6,
        4.8,
        0.9300004959106445,
        29.07000026702881,
        30.000000762939454,
        28.0,
        25.5,
        0.0,
        0.0,
        0.2,
        0.0,
        0.0,
        0.0,
        1.1,
        1.7,
        11.2,
        30.0,
        30.3,
        0.0,
        0.0,
        -0.05142857730388641,
        -1.03642857670784,
        0.0,
        0.0,
        0.0,
        0.5,
        21.6,
        20.3,
        0.9299999952316285,
        0.3,
        0.3,
        0.7,
        2.5,
        2.5,
        6.2,
        6.4,
        0.1,
        0.0
      ]
    },
    "scale": {
      "v": 1,
      "dim": [
        60
      ],
      "data": [
        0.4898979485566356,
        0.39999999999999997,
        0.4472135954999579,
        0.45825756949558405,
        0.45825756949558405,
        1.0,
        0.45825756949558394,
        1.0,
        1.0,
        1.0,
        1.0,
        0.8,
        0.45825756949558405,
        0.4898979485566356,
        0.4898979485566356,
        0.7999999999999999,
        0.4,
        0.6708203932499369,
        0.15946304834095115,
        0.08028242588043213,
        0.9,
        0.5,
        3.903844259188627,
        2.749545416973504,
        5.315833976033216,
        5.354072635894718,
        3.5156791662493894,
        4.289522117905443,
        4.224926034855521,
        1.0,
        1.0,
        0.39999999999999997,
        1.0,
        1.0,
        1.0,
        1.374772708486752,
        1.004987562112089,
        0.9797958971132712,
        4.604345773288536,
        2.7946377224964243,
        1.0,
        1.0,
        0.2663586749968007,
        0.3567919672240508,
        1.0,
        1.0,
        1.0,
        0.4472135954999579,
        4.270831300812524,
        3.1638584039112754,
        0.9077995248940808,
        0.45825756949558405,
        0.45825756949558405,
        0.45825756949558405,
        1.5000000000000002,
        1.5000000000000002,
        2.4,
        2.6532998322843193,
        0.3,
        1.0
      ]
    },
    "var": {
      "v": 1,
      "dim": [
        60
      ],
      "data": [
        0.24,
        0.15999999999999998,
        0.2,
        0.21000000000000002,
        0.21000000000000002,
        0.0,
        0.20999999999999996,
        0.0,
        0.0,
        0.0,
        0.0,
        0.64,
        0.21000000000000002,
        0.24,
        0.24,
        0.6399999999999999,
        0.16,
        0.45,
        0.025428463786188522,
        0.006445267905247079,
        0.8099999999999999,
        0.25,
        15.24,
        7.5600000000000005,
        28.258090860749103,
        28.666093790436612,
        12.360000000000001,
        18.399999999999995,
        17.849999999999998,
        0.0,
        0.0,
        0.15999999999999998,
        0.0,
        0.0,
        0.0,
        1.8900000000000001,
        1.01,
        0.96,
        21.200000000000006,
        7.8100000000000005,
        0.0,
        0.0,
        0.07094694374605132,
        0.12730050787560815,
        0.0,
        0.0,
        0.0,
        0.2,
        18.23999999999999,
        10.010000000000002,
        0.8240999773979188,
        0.21000000000000002,
        0.21000000000000002,
        0.21000000000000002,
        2.2500000000000004,
        2.2500000000000004,
        5.76,
        7.039999999999997,
        0.09,
        0.0
      ]
    },
    "n_samples_seen": 10
  }
}