{
  "feature_names": [
    "backward_pawns_them",
    "backward_pawns_us",
    "batteries_them",
    "batteries_us",
    "bishop_pair_them",
    "bishop_pair_us",
    "center_control_them",
    "center_control_us",
    "connected_rooks_them",
    "connected_rooks_us",
    "doubled_pawns_them",
    "doubled_pawns_us",
    "hanging_them",
    "hanging_us",
    "isolated_pawns_them",
    "isolated_pawns_us",
    "king_pawn_shield_them",
    "king_pawn_shield_us",
    "king_ring_pressure_them",
    "king_ring_pressure_us",
    "king_safety_them",
    "king_safety_us",
    "king_tropism_them",
    "king_tropism_us",
    "material_diff",
    "material_them",
    "material_us",
    "mobility_them",
    "mobility_us",
    "open_files_them",
    "open_files_us",
    "outposts_them",
    "outposts_us",
    "passed_them",
    "passed_us",
    "pawn_chain_them",
    "pawn_chain_us",
    "phase",
    "piece_activity_them",
    "piece_activity_us",
    "pinned_them",
    "pinned_us",
    "pst_them",
    "pst_us",
    "rook_on_7th_them",
    "rook_on_7th_us",
    "rook_open_file_them",
    "rook_open_file_us",
    "safe_mobility_them",
    "safe_mobility_us",
    "see_advantage_them",
    "see_advantage_us",
    "see_vulnerability_them",
    "see_vulnerability_us",
    "semi_open_them",
    "semi_open_us",
    "space_them",
    "space_us",
    "threats_them",
    "threats_us"
  ],
  "phase_idx": 37,
  "models": {},
  "global_model": {
    "coefficients": {
      "v": 1,
      "dim": [
        60
      ],
      "data": [
        -176.3633734603571,
        209.08186597318752,
        -45.852414009549726,
        -42.9532861418064,
        2.8941784381541855,
        -1.5426022906901964,
        -27.543054822199206,
        9.024043783085572,
        0.0,
        0.0,
        27.641010502947577,
        0.0,
        272.02654314405896,
        -72.62635766676293,
        61.42012097697059,
        14.366496398360674,
        -5.853188289807075,
        115.75083672636406,
        45.926988633022255,
        -0.0,
        154.58342968813287,
        -64.75599418739472,
        135.72160535226195,
        -5.50911978472678,
        -114.63597057227861,
        111.0512630011936,
        0.0,
        37.74904539401614,
        -134.80935498663573,
        -0.0,
        -0.0,
        0.0,
        0.0,
        0.0,
        -0.0,
        36.59788195599382,
        -42.94831251255699,
        -5.324680624816595,
        -109.07113360811273,
        50.15637308981701,
        0.0,
        0.0,
        -98.35361703625006,
        -82.22482485374735,
        0.0,
        0.0,
        9.689764707766857,
        -4.876854086357922,
        3.3581309432064512,
        -93.93189722380083,
        -0.34251415200733665,
        145.70844273634935,
        110.02409564055614,
        -134.05655337057024,
        57.3485241033113,
        0.0,
        91.13887686878249,
        -18.7740640864169,
        -33.270717940053636,
        -178.68112159121327
      ]
    },
    "intercept": 323.04761904761904,
    "alpha": 0.01,
    "l1_ratio": 1.0
  },
  "scaler": {
    "mean": {
      "v": 1,
      "dim": [
        60
      ],
      "data": [
        0.2857142857142857,
        0.09523809523809523,
        0.7619047619047619,
        0.47619047619047616,
        0.7619047619047619,
        0.47619047619047616,
        0.5714285714285714,
        0.6666666666666666,
        0.0,
        0.0,
        0.09523809523809523,
        0.2857142857142857,
        0.7142857142857143,
        1.0476190476190477,
        0.5238095238095238,
        0.7142857142857143,
        1.1428571428571428,
        1.7619047619047619,
        0.03968254086517152,
        0.4249935433978126,
        1.9047619047619047,
        2.142857142857143,
        3.8095238095238093,
        4.285714285714286,
        -2.147618884132022,
        28.79523840404692,
        26.6476195199149,
        29.904761904761905,
        29.047619047619047,
        0.8095238095238095,
        0.8095238095238095,
        0.0,
        0.0,
        0.0,
        0.23809523809523808,
        1.2857142857142858,
        1.1428571428571428,
        10.333333333333334,
        29.19047619047619,
        29.666666666666668,
        0.0,
        0.0,
        -0.6326530536725408,
        -0.10816326666445959,
        0.0,
        0.0,
        0.047619047619047616,
        0.23809523809523808,
        26.238095238095237,
        25.285714285714285,
        2.3999999591282437,
        0.933333328792027,
        0.7142857142857143,
        1.1428571428571428,
        1.6666666666666667,
        1.6666666666666667,
        5.285714285714286,
        7.142857142857143,
        0.09523809523809523,
        0.09523809523809523
      ]
    },
    "scale": {
      "v": 1,
      "dim": [
        60
      ],
      "data": [
        0.45175395145262554,
        0.29354352395090366,
        0.4259177099999599,
        0.4994327848429293,
        0.4259177099999599,
        0.4994327848429293,
        0.659828879073858,
        0.8908708063747479,
        1.0,
        1.0,
        0.29354352395090366,
        0.45175395145262554,
        1.0301575072754257,
        1.290115922299435,
        0.4994327848429293,
        1.2777531299998799,
        0.773717943298663,
        0.9712418121129114,
        0.07098628711554948,
        0.5837191919702919,
        1.0647942749998998,
        1.5208304212067913,
        2.855555114393324,
        3.1644281382545048,
        3.535213703526096,
        9.280315656955647,
        11.173635042135468,
        4.83936991082381,
        2.919168023617925,
        1.2580804584402767,
        1.2580804584402767,
        1.0,
        1.0,
        1.0,
        0.4259177099999599,
        0.6281383789653772,
        0.8883218145798873,
        3.4549251708984867,
        2.9051521986037407,
        3.013198479915499,
        1.0,
        1.0,
        0.46430177886060475,
        0.49267367680609936,
        1.0,
        1.0,
        0.1467717619754518,
        0.4259177099999599,
        4.565968962044998,
        3.0101867865293532,
        2.6157034496777305,
        1.28149217739583,
        1.0301575072754257,
        1.319657758147716,
        1.4253932901995965,
        1.4253932901995965,
        1.4190156595953658,
        3.719776161797583,
        0.29354352395090366,
        0.2935435239509036
      ]
    },
    "var": {
      "v": 1,
      "dim": [
        60
      ],
      "data": [
        0.20408163265306117,
        0.08616780045351474,
        0.18140589569160998,
        0.2494331065759637,
        0.18140589569160998,
        0.2494331065759637,
        0.435374149659864,
        0.7936507936507935,
        0.0,
        0.0,
        0.08616780045351474,
        0.20408163265306117,
        1.0612244897959184,
        1.6643990929705217,
        0.2494331065759637,
        1.63265306122449,
        0.598639455782313,
        0.9433106575963719,
        0.005039052958451226,
        0.3407280950744504,
        1.1337868480725624,
        2.3129251700680267,
        8.154195011337869,
        10.013605442176871,
        12.497735929598697,
        86.12425869273612,
        124.85012005483766,
        23.419501133786852,
        8.521541950113381,
        1.582766439909297,
        1.582766439909297,
        0.0,
        0.0,
        0.0,
        0.18140589569160995,
        0.39455782312925175,
        0.7891156462585038,
        11.936507936507937,
        8.439909297052148,
        9.079365079365074,
        0.0,
        0.0,
        0.21557614185312193,
        0.24272735181764085,
        0.0,
        0.0,
        0.02154195011337868,
        0.18140589569160995,
        20.848072562358276,
        9.061224489795915,
        6.8419045366559805,
        1.6422222007267055,
        1.0612244897959184,
        1.741496598639456,
        2.031746031746031,
        2.031746031746031,
        2.013605442176871,
        13.836734693877556,
        0.08616780045351474,
        0.08616780045351471
      ]
    },